Id,y
900.0,142.3036501455451
901.0,43.30505679183011
902.0,-56.80769257392231
903.0,-4.2819481238771
904.0,-38.12987388234248
905.0,-29.963824274348436
906.0,52.71664753706952
907.0,24.813169115741218
908.0,-52.65419015661983
909.0,214.03248903207404
910.0,86.88833183513594
911.0,-106.66307669416025
912.0,5.740195932651979
913.0,-26.978112063363525
914.0,3.6820989405133417
915.0,19.751674016317423
916.0,-37.171021562517694
917.0,-31.084129739520108
918.0,57.45850650730494
919.0,-3.30853374980223
920.0,116.89696409996847
921.0,117.64244027102852
922.0,64.66609040586948
923.0,18.527970323300735
924.0,5.8017813409617816
925.0,3.1108099111674363
926.0,-28.096936602451514
927.0,6.664552243133144
928.0,-33.592964762940525
929.0,-67.09899486330816
930.0,27.993591187413273
931.0,40.66632614025808
932.0,87.47601095468913
933.0,-91.15991316734684
934.0,11.868742421057277
935.0,28.218717566733297
936.0,-38.716514811935184
937.0,-18.749007719568702
938.0,-5.414146739050068
939.0,24.071883719338018
940.0,54.461444242569826
941.0,-13.644463743560465
942.0,-13.789188080596603
943.0,72.87365113653443
944.0,14.798692471736473
945.0,-38.194987447144
946.0,42.410214388952824
947.0,29.143395020529823
948.0,-63.657856818452444
949.0,-6.25189901724854
950.0,53.43939610206205
951.0,-3.4373570151978825
952.0,37.030669445824074
953.0,19.695992785254603
954.0,71.5252899093928
955.0,-25.410886390598012
956.0,50.49690952258371
957.0,-15.898485748978857
958.0,-55.51951016173355
959.0,-6.328439907936811
960.0,-38.123009365247626
961.0,-34.80219900888571
962.0,22.637654211816212
963.0,-28.4659874036253
964.0,-38.642615604443876
965.0,86.31639067358006
966.0,-46.584989632761285
967.0,-6.633593531248593
968.0,0.43507790018002623
969.0,8.157265587411302
970.0,-63.212154406366906
971.0,38.40376006610319
972.0,9.040998040640417
973.0,-55.231725864103005
974.0,52.818894806090725
975.0,-37.145356300117385
976.0,-65.42737672069315
977.0,-13.717924560039418
978.0,37.31958756719449
979.0,-39.926199100653875
980.0,80.27001659814948
981.0,-126.3170431598526
982.0,-26.76719594275473
983.0,48.9421515387606
984.0,33.034825598904945
985.0,-25.12625201531118
986.0,32.479923962176414
987.0,-51.913663304870454
988.0,37.79173563307016
989.0,78.49131299332112
990.0,-6.514692257915971
991.0,-1.901787249812287
992.0,-41.623056057932644
993.0,57.05607131202051
994.0,-39.25936560520704
995.0,-7.965052548891492
996.0,52.08202613842788
997.0,-21.217807151127175
998.0,13.68350073025285
999.0,1.3277789176027284
1000.0,-22.663610958248682
1001.0,74.09338063287734
1002.0,-47.82104238542436
1003.0,-3.101682146957522
1004.0,-21.624050171570673
1005.0,18.128402099947465
1006.0,11.379061862231538
1007.0,53.52333426818038
1008.0,-97.7493501327578
1009.0,7.100339197955449
1010.0,126.63664131722062
1011.0,-17.257836081463537
1012.0,-45.81792212598315
1013.0,-62.907938021899994
1014.0,-39.69244537706332
1015.0,33.66332935240922
1016.0,-14.89465912995132
1017.0,-97.72864848185195
1018.0,5.827909367912234
1019.0,4.175150625734261
1020.0,-53.27755108148665
1021.0,-4.18040239601936
1022.0,-1.8198840822333224
1023.0,-12.311118755985866
1024.0,-44.455425929431236
1025.0,-28.963789051174402
1026.0,-73.35910873290929
1027.0,36.2639039033192
1028.0,64.08061536839075
1029.0,42.609264460618306
1030.0,-35.38709584689835
1031.0,15.89603976341418
1032.0,5.5631333567468175
1033.0,-52.44651878370621
1034.0,-61.429332229190976
1035.0,5.961228009456647
1036.0,29.111740499263618
1037.0,-4.706437658170273
1038.0,-15.833625735817975
1039.0,66.96374679910065
1040.0,-40.9438339597244
1041.0,57.20953514192708
1042.0,25.48594711388327
1043.0,6.255100578921841
1044.0,-36.52190272991194
1045.0,-1.8524251207681317
1046.0,6.759347716086001
1047.0,-12.351406263886197
1048.0,-13.406264351889547
1049.0,-58.82073137447232
1050.0,-14.030678595765593
1051.0,-38.193481463446744
1052.0,-58.638301978763025
1053.0,6.262374834840045
1054.0,19.872223088770156
1055.0,-8.299001426893312
1056.0,-146.25523260439766
1057.0,-21.548738205649414
1058.0,-61.04916058096403
1059.0,90.580932370412
1060.0,28.64016732089833
1061.0,-40.15761137963474
1062.0,36.055895804149245
1063.0,33.37284960742642
1064.0,9.429600763541828
1065.0,-13.485701665313314
1066.0,69.4756762239957
1067.0,-43.75944036522615
1068.0,48.64665324184938
1069.0,117.75415371654103
1070.0,25.091149192961822
1071.0,-33.80028591930039
1072.0,-30.772164360608187
1073.0,154.99933070911905
1074.0,-1.8142054455776204
1075.0,33.919881365871674
1076.0,-29.981721615787194
1077.0,65.66470432311341
1078.0,-86.09445680887535
1079.0,-5.253724611105298
1080.0,-7.2075626847052945
1081.0,35.88322984125403
1082.0,-1.3262878735554295
1083.0,-15.962272016960156
1084.0,42.80453237148872
1085.0,35.65504940349394
1086.0,4.5889010880016485
1087.0,37.65718048661063
1088.0,14.247131447550771
1089.0,77.08175679125286
1090.0,-46.43391207975674
1091.0,-13.481727829898439
1092.0,-92.38372953587309
1093.0,-62.65593047253473
1094.0,-31.71213197226067
1095.0,56.268316579895085
1096.0,-9.58623465723025
1097.0,-5.641492423807314
1098.0,20.70257759059791
1099.0,26.667814734062972
1100.0,81.4986740410145
1101.0,33.46696067906431
1102.0,-27.25980795687829
1103.0,40.433974373987155
1104.0,-19.611007766924644
1105.0,6.461945429426528
1106.0,14.978996880074504
1107.0,62.5052321505723
1108.0,15.032927886272088
1109.0,60.5663549750229
1110.0,-71.12043338142072
1111.0,-22.850474896306395
1112.0,-22.80080937135721
1113.0,-101.2276894802742
1114.0,54.15153292324763
1115.0,-80.78632588932012
1116.0,47.71795333557871
1117.0,-15.056719833794546
1118.0,-44.95557001686823
1119.0,0.10750055262082014
1120.0,-7.732095571052255
1121.0,42.675807650277704
1122.0,16.44714901653532
1123.0,-18.985685634342303
1124.0,13.723821668818474
1125.0,175.71460176231957
1126.0,-16.066558061204915
1127.0,63.6142497004755
1128.0,-26.680529516226898
1129.0,26.623136172594158
1130.0,-13.994169745416428
1131.0,-65.06670199768212
1132.0,29.835907921542614
1133.0,-41.89027970346014
1134.0,10.241289430968848
1135.0,-57.860957738682586
1136.0,12.045505120018674
1137.0,196.9888538680425
1138.0,-4.615790855954174
1139.0,-44.415407492835364
1140.0,96.06928832001378
1141.0,49.508045240711866
1142.0,-5.179537213382687
1143.0,135.09744937388945
1144.0,17.87347096066783
1145.0,-16.55719172403886
1146.0,-57.870970155727605
1147.0,21.94410707643611
1148.0,165.8054217570326
1149.0,34.8711721043005
1150.0,5.22999200546252
1151.0,25.141885373337715
1152.0,-18.407940478267683
1153.0,60.17782625440553
1154.0,-9.559294535038504
1155.0,-24.913696867096434
1156.0,9.15630398755954
1157.0,73.54067913238231
1158.0,-23.838331171784322
1159.0,10.098752149124778
1160.0,-88.54050844092839
1161.0,-71.50746932962326
1162.0,-9.43187581136516
1163.0,15.956237721235823
1164.0,43.08407259408352
1165.0,46.09410683807528
1166.0,4.11073488886823
1167.0,68.54589291087262
1168.0,-1.8413767723454058
1169.0,-79.14582317767541
1170.0,46.29917917690639
1171.0,75.5486083620335
1172.0,64.81243476595519
1173.0,46.04186464179718
1174.0,-105.837313343159
1175.0,4.4686388715078635
1176.0,-75.57089055635058
1177.0,-23.43385999097785
1178.0,134.67102965300614
1179.0,106.9446945620287
1180.0,-42.904869453690054
1181.0,54.16843108803852
1182.0,-32.3530179618795
1183.0,64.22399638497042
1184.0,38.62931479204175
1185.0,117.2541143476056
1186.0,2.0058014811800717
1187.0,-50.75339795734823
1188.0,-1.0285579426808624
1189.0,-19.728994435470725
1190.0,129.23899547987645
1191.0,15.706902382115771
1192.0,8.062283300382546
1193.0,108.03097366140074
1194.0,-6.710779493659004
1195.0,66.17289669048546
1196.0,63.30490437127135
1197.0,16.436955207750685
1198.0,2.7971581013811244
1199.0,100.77513532708838
1200.0,23.261349211810902
1201.0,19.311672094556087
1202.0,22.753223435410447
1203.0,17.455806294634385
1204.0,2.1871878830735056
1205.0,40.10871513510169
1206.0,25.310147153522692
1207.0,181.32176161348175
1208.0,-9.450469451656147
1209.0,56.29098050701904
1210.0,-1.4472058362656668
1211.0,-21.933697751255465
1212.0,72.86186292711398
1213.0,24.889215737500365
1214.0,7.002687572437004
1215.0,74.66202148493153
1216.0,95.20118784005709
1217.0,305.6209531123011
1218.0,17.592283553061918
1219.0,9.468480807610742
1220.0,19.668953982217886
1221.0,25.977825620468167
1222.0,122.09807273314937
1223.0,-19.920385773751207
1224.0,-39.58879330778754
1225.0,56.80419888613092
1226.0,62.46278856903646
1227.0,-105.36855204387143
1228.0,-64.32303014418665
1229.0,42.0422830076502
1230.0,8.39569709337539
1231.0,2.2913066037001215
1232.0,101.73437424514788
1233.0,-20.92950202700745
1234.0,127.45334970872852
1235.0,-124.14464068101438
1236.0,50.932348360437224
1237.0,-13.90199273648571
1238.0,-35.71088144123442
1239.0,234.60830929551636
1240.0,123.72451280634911
1241.0,-135.34904680269864
1242.0,19.74977336241355
1243.0,-29.286723013665352
1244.0,-6.1845932904617165
1245.0,28.735182204337253
1246.0,6.835374544490051
1247.0,104.27434979856977
1248.0,-20.60646634395347
1249.0,50.69218351651939
1250.0,49.15484856986839
1251.0,-73.92259665016425
1252.0,-43.42087886804893
1253.0,8.960802052334017
1254.0,9.126668891614031
1255.0,63.63347716019055
1256.0,-6.94877195067167
1257.0,69.03760786694247
1258.0,4.349138433745551
1259.0,56.946123858030575
1260.0,-14.710165521273485
1261.0,-28.416465086771908
1262.0,-42.57106213113614
1263.0,-29.99930257736374
1264.0,-10.100306363110164
1265.0,-21.55359629504487
1266.0,-37.30200934149028
1267.0,-55.03695425746106
1268.0,9.72118055560751
1269.0,8.464724667846653
1270.0,5.5465819610124925
1271.0,52.15741052694196
1272.0,83.32221280124807
1273.0,-7.584403731694174
1274.0,15.488218246551057
1275.0,1.1352856425573634
1276.0,38.92517053442246
1277.0,-27.52570669727968
1278.0,16.918147220265922
1279.0,-58.36899435243912
1280.0,-106.20739811821224
1281.0,143.01592952585978
1282.0,-32.12720345432608
1283.0,108.6180932935172
1284.0,32.626422883152834
1285.0,25.07462117267194
1286.0,-41.41640889153932
1287.0,18.258713676516717
1288.0,-0.5849469541088785
1289.0,-5.683076149192611
1290.0,19.375801000586883
1291.0,61.43421164602435
1292.0,21.32874966878017
1293.0,9.816980291092165
1294.0,61.350573319047584
1295.0,17.522099395213502
1296.0,-61.90460900860238
1297.0,-2.069882613852684
1298.0,-9.236225854985378
1299.0,82.7042748153676
1300.0,-30.58849423440234
1301.0,56.52956913557159
1302.0,47.414717396952454
1303.0,-26.046892031051527
1304.0,-47.259398502555754
1305.0,-17.810219076432947
1306.0,-81.90527603104898
1307.0,7.213844902092127
1308.0,7.909077660428647
1309.0,-27.639150248903064
1310.0,150.5745586008931
1311.0,-47.957541670370645
1312.0,96.785920954731
1313.0,3.6209953914186883
1314.0,152.7520837637942
1315.0,-13.361727127725374
1316.0,6.747879870324866
1317.0,5.5765155560840824
1318.0,-32.690936691570975
1319.0,-19.817385693130532
1320.0,-15.260169321108421
1321.0,92.77008022354087
1322.0,-68.70140965331444
1323.0,45.12374209905107
1324.0,14.47580050124408
1325.0,-85.81565880761809
1326.0,-7.115350174896491
1327.0,17.864566160048327
1328.0,73.4418637860515
1329.0,-5.249562711623426
1330.0,-37.8020033247185
1331.0,50.035807096700154
1332.0,8.636792606135188
1333.0,-17.20787984913001
1334.0,-23.288386653222673
1335.0,70.18806884744697
1336.0,-10.915855693037955
1337.0,-75.41670322729252
1338.0,0.539233455097424
1339.0,18.99578356328479
1340.0,-26.824083882760902
1341.0,-43.02075211835384
1342.0,48.66047267793863
1343.0,140.59037998970007
1344.0,-4.496455886867764
1345.0,-15.472039709083688
1346.0,-34.288757686617885
1347.0,145.5483033945948
1348.0,153.8338864915229
1349.0,84.13197753365858
1350.0,0.6703199152470916
1351.0,-64.88347627637293
1352.0,14.314217156951699
1353.0,-7.342498562586172
1354.0,7.741813649051895
1355.0,16.099252871778262
1356.0,121.290426908049
1357.0,29.69622681981413
1358.0,-11.169381645010674
1359.0,-37.07610347025453
1360.0,-2.536099240087111
1361.0,71.38178824986174
1362.0,-23.667262633125432
1363.0,56.34818689018101
1364.0,-74.8254192384635
1365.0,-58.01722806777139
1366.0,-31.618277305054278
1367.0,-37.519215655499124
1368.0,31.943790615794306
1369.0,-8.032808310038405
1370.0,-77.88916553802696
1371.0,155.11206051571372
1372.0,107.11024458131078
1373.0,38.69278546905357
1374.0,56.03694767688207
1375.0,46.405041642129625
1376.0,95.88997559733201
1377.0,-80.49351555292117
1378.0,-37.954049823410735
1379.0,18.4072933459191
1380.0,49.01990358622339
1381.0,53.2039012845691
1382.0,11.739993149384084
1383.0,-25.697100157580962
1384.0,133.80261865079245
1385.0,-28.1103024338677
1386.0,-142.64671484729638
1387.0,-47.41997582842413
1388.0,16.10323301755825
1389.0,3.781235495076654
1390.0,25.972395218110762
1391.0,-3.9530814126285065
1392.0,38.95127603981219
1393.0,-7.6090122697031966
1394.0,-20.746037454853507
1395.0,-53.67551404511196
1396.0,124.35516053902143
1397.0,163.17599582582153
1398.0,-10.306730482681708
1399.0,-10.27539446183161
1400.0,61.45054915639311
1401.0,-2.050631264661689
1402.0,-79.06492200806295
1403.0,-14.483417751800369
1404.0,-27.422529769121525
1405.0,92.20191893096826
1406.0,23.177685767858748
1407.0,-15.989783812689225
1408.0,-46.571975016434386
1409.0,-0.3950803111885648
1410.0,120.77486483022227
1411.0,-21.830517523507865
1412.0,-48.65432400324653
1413.0,46.9303869894938
1414.0,14.824728750371122
1415.0,27.779321717020878
1416.0,-24.817321852560497
1417.0,-66.02106616353265
1418.0,-25.541923097905652
1419.0,-12.292873045659604
1420.0,10.545526270412182
1421.0,0.5230642308677176
1422.0,41.55885881574983
1423.0,-144.9671146144473
1424.0,-29.848257827359788
1425.0,104.26681459447096
1426.0,-49.65280574023623
1427.0,117.29606651216652
1428.0,1.4791426353086834
1429.0,-4.097478773576341
1430.0,25.501581485682273
1431.0,-21.54549426488309
1432.0,-96.37097632790415
1433.0,34.30517954130847
1434.0,42.030570833511916
1435.0,39.53902676772671
1436.0,19.91697426397897
1437.0,46.97815028583784
1438.0,63.173994343690254
1439.0,-58.20389181196665
1440.0,26.918618859952602
1441.0,0.7093431758703339
1442.0,7.917425309476826
1443.0,-3.932356021560821
1444.0,-22.713189479636455
1445.0,81.66889788910117
1446.0,-19.87712997556307
1447.0,-13.248187370971976
1448.0,39.145069886484066
1449.0,8.526716276281917
1450.0,41.34696842602693
1451.0,31.602323247900543
1452.0,9.619924746079509
1453.0,-92.35369056404699
1454.0,-25.99096128323477
1455.0,18.252567808576842
1456.0,34.39745829903805
1457.0,91.60911170594089
1458.0,24.33233689254493
1459.0,53.5634015425189
1460.0,68.82826945434432
1461.0,-19.588229768778987
1462.0,-89.0527682232508
1463.0,-82.38979341542972
1464.0,-22.785786341757007
1465.0,8.584435724144953
1466.0,-20.031938598984823
1467.0,29.327985519313145
1468.0,-23.590718371917248
1469.0,-1.0275647438959261
1470.0,65.77885692841403
1471.0,-78.19479478418407
1472.0,6.663306913706041
1473.0,-19.427590731141763
1474.0,-56.34330820363355
1475.0,-157.1057959277417
1476.0,88.14923717461977
1477.0,-20.465019959858953
1478.0,-49.49430904251054
1479.0,10.99180825787937
1480.0,-27.544158447218503
1481.0,24.787281339923716
1482.0,-58.334515171966856
1483.0,32.82475161329606
1484.0,21.717768436055458
1485.0,7.25636935476097
1486.0,-11.20832347967368
1487.0,-74.48740339290762
1488.0,-22.523292757192067
1489.0,1.9322673734406237
1490.0,-18.865407572604155
1491.0,19.148057001528656
1492.0,-12.88864358867633
1493.0,-44.675396881164346
1494.0,-1.256432452271369
1495.0,28.708678493144255
1496.0,2.504276434470583
1497.0,5.226783229196158
1498.0,100.85100418786658
1499.0,-21.8139871942531
1500.0,9.39123286570242
1501.0,-80.78171875885494
1502.0,15.429475846152464
1503.0,66.50082251142047
1504.0,-15.139823082605318
1505.0,54.67773323987207
1506.0,-0.6225485532378059
1507.0,-39.36864498803485
1508.0,9.218583996006792
1509.0,-49.46684282567156
1510.0,-27.280298756745253
1511.0,84.19692051589409
1512.0,-21.342304619868713
1513.0,-3.9834714788291876
1514.0,69.40848185438244
1515.0,9.41829687676686
1516.0,24.977279694309573
1517.0,57.5090936503382
1518.0,-6.250485668850992
1519.0,47.082138327107714
1520.0,-78.48546856444199
1521.0,84.62355310340901
1522.0,-49.26869024669585
1523.0,-67.28660229167926
1524.0,-2.446361615922143
1525.0,48.45953600089274
1526.0,29.59720056543413
1527.0,30.008919423279796
1528.0,4.78086870635876
1529.0,15.971784165340317
1530.0,-5.763986901772547
1531.0,177.36223944511588
1532.0,-15.903552742462189
1533.0,-17.83875302876305
1534.0,23.432997222126325
1535.0,-3.4991460390731106
1536.0,-6.953456008877467
1537.0,12.886126852481581
1538.0,43.98413384669712
1539.0,-0.2114715384597048
1540.0,32.36034109396062
1541.0,24.16507593191579
1542.0,-32.21101044024575
1543.0,61.660100337561715
1544.0,-16.723880134614088
1545.0,-57.27066107589411
1546.0,20.29352134714273
1547.0,-20.26880523831158
1548.0,83.2742689143237
1549.0,45.82091187707576
1550.0,31.356369980904688
1551.0,-31.48653920463282
1552.0,50.78901505967153
1553.0,-22.381283436330655
1554.0,-70.73495162896128
1555.0,-15.026524297876392
1556.0,63.77459842571608
1557.0,2.241897355814018
1558.0,-53.52433412332246
1559.0,136.33001131350318
1560.0,31.459441201287945
1561.0,-38.539627428414114
1562.0,74.03881537027297
1563.0,-99.40518311115311
1564.0,-22.34625727122844
1565.0,87.08963985222516
1566.0,-3.696194402077385
1567.0,4.074646473673056
1568.0,-3.6072524200125713
1569.0,26.053381638609835
1570.0,16.883508602890892
1571.0,-35.39985471287069
1572.0,-68.23101530867223
1573.0,-23.040129820568637
1574.0,-20.471792054193998
1575.0,8.533340222025462
1576.0,28.59439394508091
1577.0,-40.867931751345935
1578.0,19.191739084651857
1579.0,-12.410688432252186
1580.0,151.02556304475166
1581.0,54.39240222160711
1582.0,58.09114456560934
1583.0,-29.042090133931595
1584.0,-5.537634916509404
1585.0,-62.20691584458421
1586.0,55.2730315921789
1587.0,53.00908645609472
1588.0,-42.1815943828276
1589.0,35.06742402148927
1590.0,-27.284315318815217
1591.0,0.3290291254203481
1592.0,-12.340674837667557
1593.0,-51.21127390969883
1594.0,6.478596134514419
1595.0,24.552836343729012
1596.0,14.769604300677628
1597.0,63.55556678715419
1598.0,-0.633363884583936
1599.0,0.1382549335532417
1600.0,5.378979158691166
1601.0,12.767734478044872
1602.0,4.932910864501661
1603.0,-1.75634755645207
1604.0,178.2561353985235
1605.0,-7.809292563816847
1606.0,-23.879355708646813
1607.0,-39.3858325989516
1608.0,28.31539849877333
1609.0,-33.140513120754775
1610.0,10.009093123800966
1611.0,14.079342231493996
1612.0,38.88925831789763
1613.0,2.7300029176789167
1614.0,131.21782478210153
1615.0,-76.316529765774
1616.0,15.864416043129765
1617.0,55.083916704217174
1618.0,-60.91450077525618
1619.0,92.9199450817221
1620.0,9.5125107367015
1621.0,48.95279004756567
1622.0,12.11998496494067
1623.0,-46.79554324796657
1624.0,89.77548515461251
1625.0,6.631897179781014
1626.0,-58.57623809680149
1627.0,-48.83176271029026
1628.0,-44.77020299435807
1629.0,-37.40137230828046
1630.0,-24.742610603278948
1631.0,42.65438981502417
1632.0,-22.082090225815477
1633.0,-39.81816283304419
1634.0,-4.2484174594214075
1635.0,107.2312178215029
1636.0,106.42662833786673
1637.0,87.28565110066822
1638.0,-75.37630100192936
1639.0,-0.7826129850761134
1640.0,32.51847062404704
1641.0,72.96546734782437
1642.0,-32.6103806990047
1643.0,-29.91454957670686
1644.0,-13.765232819137712
1645.0,26.171119578622807
1646.0,-27.112821798000894
1647.0,62.49054486416459
1648.0,62.10048119173746
1649.0,98.78916396799025
1650.0,-14.745400342871477
1651.0,35.33689220290718
1652.0,44.95214585530161
1653.0,-24.497583855630495
1654.0,25.15022536181172
1655.0,-2.7767407508695143
1656.0,0.706610938955194
1657.0,-21.237040920300302
1658.0,40.34743400592969
1659.0,-3.593469730121349
1660.0,-23.908518805382172
1661.0,20.301967517140156
1662.0,-54.170136321246645
1663.0,30.43608911575076
1664.0,46.31743424885585
1665.0,-0.550418693410677
1666.0,-104.3169900389906
1667.0,-46.84134359075411
1668.0,-30.382107934770517
1669.0,8.629841881311933
1670.0,-5.049850741881208
1671.0,110.54823169094232
1672.0,29.87047460167932
1673.0,19.64713215623427
1674.0,7.13032307211393
1675.0,-62.37610911617127
1676.0,-17.711645018027607
1677.0,28.824569474429854
1678.0,-55.23878997383641
1679.0,72.70194679836354
1680.0,-47.0416161970453
1681.0,16.160429702996765
1682.0,10.435742458965933
1683.0,84.97802833285697
1684.0,130.29138317174252
1685.0,-43.87896705764849
1686.0,94.6899336066479
1687.0,74.16473203457906
1688.0,100.80980983549927
1689.0,13.439380303245091
1690.0,-47.41493822290704
1691.0,-42.99683617244451
1692.0,108.5606351154225
1693.0,76.47914239643409
1694.0,119.9193097643699
1695.0,37.53241795255377
1696.0,-24.548472745072928
1697.0,300.85584256277946
1698.0,59.04929510185576
1699.0,26.373204776202062
1700.0,-3.8859064497650255
1701.0,26.195455003748407
1702.0,66.4311987945405
1703.0,-59.438826721524094
1704.0,45.30620912352753
1705.0,-7.766118863572331
1706.0,-89.12407149520318
1707.0,-55.01657316941488
1708.0,-26.657175496963866
1709.0,-56.562050106513965
1710.0,19.848759769299996
1711.0,40.301887354472775
1712.0,5.803256279182563
1713.0,85.94733667194883
1714.0,60.52225691461893
1715.0,-11.68371974344339
1716.0,41.856702575766015
1717.0,146.6251487403543
1718.0,7.888036756298341
1719.0,-71.05212105236738
1720.0,18.446987186142408
1721.0,1.6990937983771275
1722.0,52.46923781697503
1723.0,36.050506754614794
1724.0,-77.35762350740347
1725.0,19.85883896898231
1726.0,86.1917005446638
1727.0,51.16451595919401
1728.0,12.59160925303945
1729.0,-31.055089641174227
1730.0,13.32558958905372
1731.0,61.51875703137256
1732.0,-9.771897057593634
1733.0,-38.37116654072071
1734.0,9.158047119530295
1735.0,1.4715965223284684
1736.0,-99.33866769476373
1737.0,-16.647607740560318
1738.0,10.069847787878246
1739.0,43.04521951336545
1740.0,89.24832827997906
1741.0,-74.63263684766169
1742.0,-17.746976026434268
1743.0,-3.8271860515478053
1744.0,57.95823478214906
1745.0,-31.209364454521932
1746.0,-27.389428287135917
1747.0,-151.61118902898838
1748.0,-71.56784220228464
1749.0,-67.04072845948339
1750.0,-74.18449332402392
1751.0,33.40002836517657
1752.0,-22.605699575505504
1753.0,-29.672392327286992
1754.0,9.39667610357209
1755.0,98.3789546401348
1756.0,-27.169423200818528
1757.0,51.757756432280104
1758.0,-26.745650652553746
1759.0,-7.352366304606264
1760.0,9.3442570363691
1761.0,-39.27688750169524
1762.0,7.701635854127005
1763.0,-59.946452047662206
1764.0,28.188984524181038
1765.0,83.7224600102024
1766.0,158.01697904459118
1767.0,-45.22028077134773
1768.0,-31.556885482557163
1769.0,-56.783259046258614
1770.0,-1.9094552795161803
1771.0,-76.88745512590994
1772.0,26.398999851277665
1773.0,-72.69135251930999
1774.0,-9.321489740008104
1775.0,-15.47794746450711
1776.0,10.032831129618089
1777.0,-15.756603806896479
1778.0,-17.86379299431843
1779.0,-71.0226778400212
1780.0,30.999603742459335
1781.0,47.458404864719625
1782.0,-43.628515572466966
1783.0,15.152110967085942
1784.0,-6.328051625897274
1785.0,-210.8940795497374
1786.0,1.1789326855519668
1787.0,1.4395216649043618
1788.0,5.852418562110344
1789.0,-29.511669440825955
1790.0,-4.596832287542256
1791.0,8.25663505389312
1792.0,-139.72906586044593
1793.0,-1.3944074916107212
1794.0,26.79790384125613
1795.0,-0.7314045651567653
1796.0,33.45996801456193
1797.0,-63.33407056091652
1798.0,-29.84648369079269
1799.0,62.69714435025936
1800.0,-8.224023576025907
1801.0,46.68899821682527
1802.0,-7.970309248641556
1803.0,-16.62863393601097
1804.0,-64.7880053381139
1805.0,9.517466394070397
1806.0,37.463475449929525
1807.0,18.13671204047168
1808.0,-0.023568311445089307
1809.0,-55.37401990256012
1810.0,106.83487437289119
1811.0,-1.302638012806419
1812.0,-28.97309669901793
1813.0,-91.5111397109421
1814.0,13.633877991521189
1815.0,-57.764925320391036
1816.0,7.825099252209732
1817.0,-30.872221580210066
1818.0,31.522784857864508
1819.0,30.833208506888283
1820.0,32.763787633329514
1821.0,15.578795733772214
1822.0,-48.78524482162221
1823.0,-32.274995025648344
1824.0,26.666108088945926
1825.0,13.97305818539473
1826.0,272.64580592617347
1827.0,5.641697911606485
1828.0,66.20998645130229
1829.0,46.72726384820274
1830.0,-51.79475459066556
1831.0,-126.55996903145461
1832.0,38.76186656274507
1833.0,27.424838513695505
1834.0,-51.94033477565222
1835.0,-28.504514762081413
1836.0,0.7256658326295451
1837.0,-25.777869724378547
1838.0,68.94587670768951
1839.0,-11.239817005405824
1840.0,28.34000954341382
1841.0,6.917135219299269
1842.0,44.19892328312775
1843.0,-24.159883941979814
1844.0,-41.92365124819892
1845.0,33.57064332903214
1846.0,-1.2198801210768124
1847.0,31.49218302947215
1848.0,-6.251432027798884
1849.0,42.153638944895135
1850.0,5.421770049134324
1851.0,109.50326182586058
1852.0,73.58800574185616
1853.0,-68.609917339433
1854.0,-21.48565122581013
1855.0,31.71904121839178
1856.0,-32.46903295991316
1857.0,-39.723712855806355
1858.0,-40.23421094176144
1859.0,-23.494874214111206
1860.0,12.760469810873047
1861.0,-95.34405227867238
1862.0,-11.352475215527392
1863.0,5.276396819511767
1864.0,-21.058438629309563
1865.0,4.623765122024764
1866.0,-19.418214773234006
1867.0,-38.87188457807659
1868.0,-30.836122069212323
1869.0,195.77160561834643
1870.0,56.48740309672837
1871.0,123.03210723105425
1872.0,-87.29558327240257
1873.0,-24.65262534563746
1874.0,37.092009637692044
1875.0,13.906552306162268
1876.0,-101.40740563765617
1877.0,-18.648200581381474
1878.0,29.130406334622506
1879.0,47.55894286990613
1880.0,16.96576235285511
1881.0,-47.79896878096222
1882.0,-32.532404624584416
1883.0,9.072825125951454
1884.0,-46.027993651301934
1885.0,39.541025045832185
1886.0,52.07091595776614
1887.0,-6.6684290127648165
1888.0,13.20041824145315
1889.0,-54.90617190977498
1890.0,23.84803715019344
1891.0,6.790828581882408
1892.0,72.43047293674323
1893.0,122.03411151167562
1894.0,-168.38906353047628
1895.0,111.57038502720356
1896.0,9.47341371940199
1897.0,-86.40876343242303
1898.0,-7.876919649597127
1899.0,17.026772521994886
1900.0,-33.1658305511404
1901.0,11.991611306460186
1902.0,-73.60555424712389
1903.0,-31.21760977648955
1904.0,88.39979968381917
1905.0,21.081277981379955
1906.0,-37.17612047889885
1907.0,-38.89255932262161
1908.0,-22.185010400974335
1909.0,-5.899577765521897
1910.0,9.585752748950235
1911.0,45.401788146391596
1912.0,-121.08900200693716
1913.0,18.740793910672657
1914.0,22.121180141105427
1915.0,-28.022699775901145
1916.0,-26.81778034954604
1917.0,-66.84444717392873
1918.0,11.748772606107252
1919.0,-2.8437566987214495
1920.0,83.05231779825071
1921.0,-12.721241693110528
1922.0,-24.60036309474023
1923.0,-17.230195406313527
1924.0,-18.834409619417656
1925.0,136.84695035003386
1926.0,35.44523821719638
1927.0,23.15312335087927
1928.0,-45.659907090573085
1929.0,27.485941053131924
1930.0,48.78345259688153
1931.0,-93.38254257165529
1932.0,-69.15908208087498
1933.0,-42.857103814485804
1934.0,-14.077750896571814
1935.0,-28.096925679468427
1936.0,37.30225409280882
1937.0,34.081817320559225
1938.0,-119.57105519359209
1939.0,17.843471390224096
1940.0,45.48418538483787
1941.0,56.971120213421884
1942.0,-100.23836178572117
1943.0,-57.06380576078439
1944.0,31.941136257356305
1945.0,2.055450005361319
1946.0,-8.451162756836368
1947.0,-87.07901044187298
1948.0,6.284778367686798
1949.0,123.91032652942906
1950.0,-8.759593704594856
1951.0,-6.4994357248451
1952.0,-63.61298347484511
1953.0,-6.202105084829384
1954.0,18.743878721665553
1955.0,-46.861692625756405
1956.0,-24.573844725884626
1957.0,-17.641638677293088
1958.0,64.1525140947395
1959.0,-50.50718897463556
1960.0,-65.44339915676123
1961.0,-79.11915273430124
1962.0,91.540144645711
1963.0,-91.63802026548404
1964.0,38.67620412756587
1965.0,-12.95626628257321
1966.0,11.972916653146342
1967.0,55.73949505422041
1968.0,1.6765769865584446
1969.0,-66.07715620138367
1970.0,125.91570473787282
1971.0,-20.25923834578935
1972.0,-22.788513968691404
1973.0,5.0282014878520584
1974.0,-47.9384810260191
1975.0,5.172880067619727
1976.0,-0.9555284697104298
1977.0,65.28721441214215
1978.0,22.81570585487472
1979.0,91.76656477588372
1980.0,35.79727388354799
1981.0,-21.48524586362805
1982.0,42.832535584858746
1983.0,92.6308873137467
1984.0,3.2566426184874615
1985.0,-93.01412015414454
1986.0,71.83019201509228
1987.0,-15.454401020106872
1988.0,-30.412202842792166
1989.0,7.318996962383238
1990.0,-19.484644710937346
1991.0,79.22475370748191
1992.0,-19.028367818164654
1993.0,9.821706674097904
1994.0,-31.517826303242344
1995.0,94.53775302587721
1996.0,-8.833656146665163
1997.0,-19.34212426651783
1998.0,-36.74867846396567
1999.0,27.30966562926838
2000.0,-39.777397148130405
2001.0,98.20653850815611
2002.0,51.152371047732515
2003.0,-49.88029301222473
2004.0,-31.17603903511258
2005.0,111.03387659693546
2006.0,-3.992218435161618
2007.0,7.782231861402721
2008.0,0.383945164466752
2009.0,-27.289681823377606
2010.0,63.48095735385048
2011.0,104.53343533081939
2012.0,13.990902661456659
2013.0,-5.815887905195126
2014.0,-23.416930727741374
2015.0,58.54026844353754
2016.0,-47.4831024307597
2017.0,16.176762800953554
2018.0,41.929356144509825
2019.0,6.1085292915794005
2020.0,-4.839045226806888
2021.0,-60.98935272521203
2022.0,0.09814357065658896
2023.0,-20.433200325038563
2024.0,153.21134676667663
2025.0,62.353551004299675
2026.0,21.43423783028659
2027.0,-15.609167041455143
2028.0,-118.16348686814862
2029.0,-15.368445101736881
2030.0,-22.106556649819353
2031.0,111.68477071068298
2032.0,27.34898564114947
2033.0,-6.145487263393026
2034.0,138.20717821728192
2035.0,38.29235923006803
2036.0,7.488688738098709
2037.0,8.147934192114995
2038.0,23.447005902833297
2039.0,43.46378134807419
2040.0,-12.470391622152675
2041.0,19.357924937026674
2042.0,-4.169904640824875
2043.0,27.8013191314558
2044.0,-13.556203923020263
2045.0,78.21605033432809
2046.0,23.337670124064033
2047.0,-12.637445216807222
2048.0,16.481666046629584
2049.0,-57.80240374615113
2050.0,-21.489134824520335
2051.0,32.29264960819853
2052.0,-14.043432471505994
2053.0,-0.4577692809038183
2054.0,-14.430396354318148
2055.0,10.193799610711963
2056.0,62.12110167896598
2057.0,41.5329122212342
2058.0,-43.76058825214605
2059.0,-6.166478089780924
2060.0,65.06311483424058
2061.0,-66.42404327100397
2062.0,73.86136311057332
2063.0,74.45207053932457
2064.0,-60.39636206414647
2065.0,1.9273236019107287
2066.0,37.417037394386405
2067.0,-1.5833285045695078
2068.0,88.21487973325576
2069.0,-55.788420570580286
2070.0,19.295996439273537
2071.0,10.73590636172456
2072.0,-41.79654658086685
2073.0,58.00674511961222
2074.0,106.34256707290486
2075.0,46.51752831268877
2076.0,97.95759780604945
2077.0,-63.50895633438326
2078.0,34.62915526109644
2079.0,141.92824783940642
2080.0,-189.40873763192263
2081.0,-38.73063742244743
2082.0,169.08451281524282
2083.0,106.02528467288897
2084.0,-95.82588383299836
2085.0,-6.873339605274367
2086.0,33.677071008787166
2087.0,-22.47189219835468
2088.0,-51.387886664872624
2089.0,-13.766819330662576
2090.0,-34.90928619371866
2091.0,235.1628499453849
2092.0,-12.974935005687968
2093.0,10.455656525867436
2094.0,-27.66853289819757
2095.0,7.703715596222125
2096.0,-8.350041147596356
2097.0,64.48873856402157
2098.0,-4.351207277208829
2099.0,-6.567238074785536
2100.0,-7.189244566707522
2101.0,23.380799629993604
2102.0,-18.506103689677474
2103.0,124.35439785110427
2104.0,-15.733068399668412
2105.0,-40.82694167860353
2106.0,8.886055844597337
2107.0,-29.06129990692356
2108.0,49.041293232867815
2109.0,-15.37991206387158
2110.0,-100.27509655475953
2111.0,-62.75495612684079
2112.0,5.609428790048085
2113.0,20.746858164995068
2114.0,-60.22517853371609
2115.0,99.71954277215582
2116.0,-51.11358034594011
2117.0,-60.42508914070964
2118.0,21.515881741132716
2119.0,-0.7191832851149833
2120.0,-70.96829911553931
2121.0,-50.52404087162172
2122.0,20.735138338961008
2123.0,-12.315664261307091
2124.0,-85.2756755488791
2125.0,11.56467221844035
2126.0,12.372060819663758
2127.0,-24.465533344585396
2128.0,-13.400543039296991
2129.0,-117.94424607321778
2130.0,20.49777617532124
2131.0,39.053392032472175
2132.0,10.324871850924922
2133.0,191.28307976709618
2134.0,105.75649743542272
2135.0,-53.59391349962675
2136.0,-2.6802451053713767
2137.0,18.29561541838453
2138.0,-21.403128996738303
2139.0,55.90022429897499
2140.0,-6.162930511388396
2141.0,-43.76973527059587
2142.0,27.130676807788262
2143.0,-9.062936536323718
2144.0,29.832851575846973
2145.0,-73.88792690404674
2146.0,-31.471941983816563
2147.0,63.14257721099231
2148.0,-5.7877667226847365
2149.0,-124.93140089619692
2150.0,-12.027987026016305
2151.0,-68.35825008809168
2152.0,28.910037927753194
2153.0,29.234659256493785
2154.0,74.0196405356742
2155.0,76.69328830971125
2156.0,-15.405620447542756
2157.0,162.13344827988018
2158.0,-24.535658577124167
2159.0,-5.39690476176753
2160.0,3.611011734756751
2161.0,20.881563448561693
2162.0,-57.0575621760301
2163.0,90.16026374486621
2164.0,-15.424850703530183
2165.0,-3.838152401850749
2166.0,81.50112936192315
2167.0,111.31546005080223
2168.0,-80.87300669667638
2169.0,26.73485979636969
2170.0,61.74217620800911
2171.0,7.561068763211846
2172.0,8.840057570275906
2173.0,38.81606974308576
2174.0,-32.22707603543921
2175.0,-57.30916907759526
2176.0,38.99126085962527
2177.0,23.340602941122086
2178.0,-12.48140537797451
2179.0,4.209701809802752
2180.0,15.053078238775612
2181.0,-20.752072850274317
2182.0,31.28521887361522
2183.0,-2.5009397297623863
2184.0,37.36965076838078
2185.0,-126.0560037000161
2186.0,36.754979524588336
2187.0,2.144983043493454
2188.0,89.54406528997265
2189.0,17.3331014502056
2190.0,-10.930930224544854
2191.0,-93.72981113847688
2192.0,-28.381905045203055
2193.0,17.682031355123613
2194.0,-20.16198835807596
2195.0,-39.72444931705441
2196.0,-42.131795856142205
2197.0,-75.60995818586734
2198.0,-42.2812051622702
2199.0,23.339659516400204
2200.0,89.19109578624091
2201.0,17.2672039458416
2202.0,-38.561285662193626
2203.0,33.63810341570982
2204.0,26.310701079196104
2205.0,7.368619759484169
2206.0,-37.37751435790082
2207.0,62.16829084517591
2208.0,31.54818784238782
2209.0,36.58533620598692
2210.0,101.22931705813433
2211.0,19.72437451281172
2212.0,54.53066947863354
2213.0,-11.710206402016865
2214.0,44.97448242585614
2215.0,-23.13635602661614
2216.0,-14.593237933279028
2217.0,1.2684637663228528
2218.0,46.187268504916574
2219.0,39.9393916008818
2220.0,-8.893893477418278
2221.0,23.34035819527317
2222.0,-51.096313383726724
2223.0,46.281029017194044
2224.0,10.35073195801705
2225.0,-15.067573161375407
2226.0,-76.2031559003335
2227.0,112.78443248958236
2228.0,-14.418747505336029
2229.0,-21.837561662934974
2230.0,-13.389305787708807
2231.0,-13.135911651989062
2232.0,-18.99152167854757
2233.0,-28.000247527577464
2234.0,1.7663631493822436
2235.0,-25.62805879946876
2236.0,-6.987201135847471
2237.0,-67.18708839151182
2238.0,-14.258552682255356
2239.0,36.729650526170815
2240.0,36.7493860176439
2241.0,32.201418558645926
2242.0,-148.46921431319657
2243.0,-2.723634213407607
2244.0,-11.20203794568313
2245.0,-4.098415261747604
2246.0,-52.89092262201336
2247.0,-33.45058350520596
2248.0,33.42371586019553
2249.0,20.619996885041303
2250.0,17.883137420590117
2251.0,138.33354909230835
2252.0,-67.8736550125414
2253.0,-93.75539820404703
2254.0,-22.061654406395554
2255.0,115.20263829313386
2256.0,-42.64714524248874
2257.0,60.6399723943514
2258.0,-36.594938290857016
2259.0,-189.56109066261646
2260.0,11.970484599608426
2261.0,-73.75846399954455
2262.0,-68.83725389066036
2263.0,60.222886732452025
2264.0,24.3746775785189
2265.0,49.53120249972133
2266.0,5.841383813211657
2267.0,-22.574676231232417
2268.0,-195.59080695624397
2269.0,3.903970097379432
2270.0,-7.837514713997962
2271.0,-58.2729059237531
2272.0,-109.24270368981502
2273.0,-59.70519345173443
2274.0,-24.372413968445642
2275.0,-29.976902794824582
2276.0,37.38607219432225
2277.0,-31.954327260990027
2278.0,19.212721317466276
2279.0,-38.15124811440097
2280.0,-39.906756180351344
2281.0,13.035825677297808
2282.0,-152.74523818314327
2283.0,-33.07266674884315
2284.0,51.20143939146923
2285.0,-5.076354080869663
2286.0,40.02327960071797
2287.0,35.60065229492393
2288.0,-61.5951790246132
2289.0,37.27443770988256
2290.0,20.001695167188956
2291.0,57.65144602189798
2292.0,54.836752429306244
2293.0,34.910601209038674
2294.0,-63.05842139256394
2295.0,31.59388900171271
2296.0,-21.25103880867818
2297.0,-39.76269767677988
2298.0,-82.4784229938605
2299.0,-25.992146476443033
2300.0,49.17869155066202
2301.0,-37.89015453983003
2302.0,-56.88258418401081
2303.0,17.090637004781485
2304.0,-83.85394072801202
2305.0,143.44701154047013
2306.0,-58.895948652298046
2307.0,-29.75721250606329
2308.0,-10.836071378711821
2309.0,-3.208502142313719
2310.0,133.33676037206442
2311.0,75.25931743110968
2312.0,-3.5208751531037166
2313.0,73.03120080896355
2314.0,-6.648063772648555
2315.0,13.418772210621768
2316.0,-4.914492567406311
2317.0,-105.42217828407985
2318.0,61.0759205993054
2319.0,17.5297421610521
2320.0,-29.474724645275785
2321.0,50.827092687661505
2322.0,69.5890478674317
2323.0,-25.94670573157501
2324.0,48.26821709209372
2325.0,-61.55501463407663
2326.0,-76.93576979534332
2327.0,199.5562077271603
2328.0,-20.573811018608694
2329.0,-25.42396200326968
2330.0,38.56627632477665
2331.0,29.828614482040265
2332.0,-11.192147419924147
2333.0,-71.26366058854038
2334.0,-50.21732654991153
2335.0,43.26530200087254
2336.0,23.324513569067918
2337.0,34.31200002011174
2338.0,52.750415675700005
2339.0,5.966341095207298
2340.0,126.42315420117123
2341.0,109.7496833775159
2342.0,0.6309910096161531
2343.0,-49.315660337552615
2344.0,22.053698177946924
2345.0,-14.307222538507226
2346.0,46.05321297572581
2347.0,12.421775041294659
2348.0,12.948672958087474
2349.0,13.069131279856236
2350.0,-23.94820057910792
2351.0,-8.343284012430331
2352.0,-27.96451248618576
2353.0,-83.5851537754366
2354.0,-34.05591911033953
2355.0,-51.445569708378486
2356.0,32.94449170980032
2357.0,-24.27346011004181
2358.0,82.70239264542641
2359.0,5.726990686684331
2360.0,44.57938847563199
2361.0,49.75423952935351
2362.0,7.415031937279593
2363.0,-36.82327926970859
2364.0,-26.14457767197041
2365.0,-28.253639731889677
2366.0,73.72533206281713
2367.0,21.268532934099227
2368.0,-8.327583928130757
2369.0,26.25496194436937
2370.0,32.0229690609665
2371.0,-39.62562928138031
2372.0,46.909993185191176
2373.0,44.73760205862772
2374.0,-22.170729772942394
2375.0,43.716068123269565
2376.0,1.6367444892421972
2377.0,-1.2784024421678453
2378.0,-12.12173546732275
2379.0,-8.072158529866272
2380.0,-51.984939061209566
2381.0,-27.146264919812907
2382.0,39.283040410947
2383.0,63.96534067306082
2384.0,-38.97559725570842
2385.0,-18.764690630691646
2386.0,42.098618518802596
2387.0,-56.34120425984398
2388.0,-37.89104438312444
2389.0,-0.23640397409786829
2390.0,12.172516962466378
2391.0,52.407924211900294
2392.0,149.2568217323523
2393.0,37.31168610562793
2394.0,-50.38105045065064
2395.0,14.023725938116527
2396.0,-37.95720730838724
2397.0,-71.33821150540885
2398.0,-11.58217623944715
2399.0,-7.121945659039136
2400.0,102.41145183070601
2401.0,58.20309635779381
2402.0,-2.961385154506445
2403.0,12.94068591182804
2404.0,84.63373283809511
2405.0,-3.767488378903707
2406.0,18.080928490211335
2407.0,22.303847652116872
2408.0,-11.259335766674102
2409.0,13.635678182876013
2410.0,1.5496140138207153
2411.0,-29.457326616398632
2412.0,-30.545975699547675
2413.0,102.45499748146216
2414.0,50.81583449576655
2415.0,-107.83289910164447
2416.0,86.61892971981156
2417.0,-59.04073225594601
2418.0,5.912621057171542
2419.0,-37.91127223316329
2420.0,-19.006510347328096
2421.0,-92.55809871992807
2422.0,60.001700628308214
2423.0,-34.78752691361727
2424.0,186.8417450963836
2425.0,-27.54374249954903
2426.0,10.947282586837417
2427.0,-63.25722101596617
2428.0,-4.507392129118699
2429.0,17.818281709982315
2430.0,-180.49593623936343
2431.0,-15.082110394849394
2432.0,94.06772774903564
2433.0,106.35191150073416
2434.0,105.90560943407561
2435.0,-8.884628953039822
2436.0,28.408696184953612
2437.0,-3.388499317859562
2438.0,-49.332802349482
2439.0,56.655841301355736
2440.0,177.68500454031525
2441.0,27.96337596970079
2442.0,47.86753316756722
2443.0,-22.319744391550515
2444.0,-68.65430220587183
2445.0,52.42710459229512
2446.0,31.818568883525288
2447.0,-121.97327837169857
2448.0,-51.925864038826205
2449.0,32.66173246078931
2450.0,-46.84490226936985
2451.0,-7.369449229398569
2452.0,48.9331127036214
2453.0,37.23537045418013
2454.0,54.55999948187811
2455.0,17.843375757413952
2456.0,15.541940591299849
2457.0,33.15642274917026
2458.0,37.45915176981423
2459.0,39.42117491232701
2460.0,71.13168414658615
2461.0,45.00747384028401
2462.0,41.7225248704701
2463.0,-16.178399311030276
2464.0,4.37967629881482
2465.0,43.444844473313225
2466.0,36.88009393961455
2467.0,127.68778590620153
2468.0,-12.366893703515316
2469.0,-12.894471423148012
2470.0,-3.624238064749079
2471.0,36.204345266693906
2472.0,216.39776291200798
2473.0,-39.593510243229574
2474.0,-168.2312176900158
2475.0,100.21253921705116
2476.0,-34.883412890288014
2477.0,-5.676705726047487
2478.0,-33.23284605719175
2479.0,-51.79892447245458
2480.0,83.7796177555212
2481.0,-26.396474227596542
2482.0,7.813497146050336
2483.0,7.27901319003179
2484.0,64.46479091148589
2485.0,22.640666283569672
2486.0,38.38188284625576
2487.0,-36.35629426528635
2488.0,98.12717547796919
2489.0,47.805714271850206
2490.0,-17.034535932200214
2491.0,-16.466227847284706
2492.0,46.61144147960558
2493.0,-39.14984327938021
2494.0,-4.342655713892142
2495.0,11.617850337160448
2496.0,9.573508874723302
2497.0,-7.514241485514617
2498.0,-37.9094317262155
2499.0,-49.56935597331794
2500.0,123.15598700909155
2501.0,106.48558406028592
2502.0,-73.30770998337785
2503.0,207.34958682459634
2504.0,54.31080376420202
2505.0,158.39959342666694
2506.0,0.1881844743807335
2507.0,2.9669930628697347
2508.0,149.5545945907811
2509.0,-9.17521321938031
2510.0,54.79862070786625
2511.0,53.17399529565438
2512.0,92.69550684225571
2513.0,-15.052025716420687
2514.0,75.45192067821529
2515.0,-89.27884374210714
2516.0,-0.19585377743716492
2517.0,-4.971733285537823
2518.0,151.7332709638098
2519.0,47.75928701741529
2520.0,119.4120913645742
2521.0,77.98060647498977
2522.0,-56.34048213558498
2523.0,-37.05770457162325
2524.0,-179.12170460413282
2525.0,181.4185101019523
2526.0,-10.560247883785955
2527.0,-39.89724243563859
2528.0,222.61038865416467
2529.0,-20.47759940412149
2530.0,46.15956867811125
2531.0,90.22186237758437
2532.0,17.61365769941088
2533.0,-27.70513102718707
2534.0,47.20430611481687
2535.0,87.89690290406222
2536.0,9.198158745644484
2537.0,65.25759690481014
2538.0,11.479312347773089
2539.0,30.816694477746953
2540.0,-45.11936890453483
2541.0,3.962318774287624
2542.0,-38.890566878273475
2543.0,213.42088974346402
2544.0,95.31042276247199
2545.0,-2.030158277448379
2546.0,-29.18771463362387
2547.0,1.1260670771794778
2548.0,23.68274169878689
2549.0,-34.16907610586969
2550.0,-110.53653648462101
2551.0,80.10936175928575
2552.0,-11.228156675428338
2553.0,10.741031533124726
2554.0,208.5375835259635
2555.0,-32.22836432514542
2556.0,-37.99587357881459
2557.0,-62.41377285808926
2558.0,109.3772580958127
2559.0,-9.930026473104121
2560.0,-140.55756957019935
2561.0,11.733191666310773
2562.0,-3.9929733529037605
2563.0,17.087704446036163
2564.0,48.547891953246165
2565.0,5.605978951451206
2566.0,-20.54037945079368
2567.0,-14.759597589083995
2568.0,-15.749998993694469
2569.0,187.19793583203642
2570.0,174.468636752855
2571.0,1.2426638840207573
2572.0,-93.46636971645745
2573.0,-17.377386224208898
2574.0,32.301359701093915
2575.0,-49.290038044107774
2576.0,-5.872787823565446
2577.0,56.07293810365473
2578.0,-61.17041281447814
2579.0,-49.42004396447088
2580.0,37.275217454252335
2581.0,14.247838881094097
2582.0,27.479591187883116
2583.0,-93.78352051774505
2584.0,-22.593618465029337
2585.0,-62.78510090000404
2586.0,92.80901792645719
2587.0,206.88748705231563
2588.0,-66.00670568359907
2589.0,-18.520396960686668
2590.0,11.448439385025232
2591.0,118.18807664357458
2592.0,-16.945547016719853
2593.0,-47.95695445115376
2594.0,-23.48549884634341
2595.0,-37.73728487304064
2596.0,-41.34991091879468
2597.0,-153.60917906365825
2598.0,-35.396341671488244
2599.0,-37.4114640077637
2600.0,108.35146386681748
2601.0,89.77577802436242
2602.0,-3.3704718981958024
2603.0,7.363528893801071
2604.0,26.63022803842677
2605.0,133.80101581369397
2606.0,-26.97583870256665
2607.0,2.9876827251351585
2608.0,22.692400965154043
2609.0,5.4500431269238305
2610.0,19.29088415055287
2611.0,-33.69518271360202
2612.0,65.26390838349297
2613.0,17.366024974569626
2614.0,89.60492992443555
2615.0,38.233538501274694
2616.0,65.81953847564478
2617.0,8.08571154758755
2618.0,48.24289751614111
2619.0,-74.28309268590097
2620.0,18.544541175584627
2621.0,-52.01619312199625
2622.0,-50.202168609458695
2623.0,-49.608504288782754
2624.0,127.27058777703402
2625.0,-4.764095840294246
2626.0,39.54481844741737
2627.0,95.732700690559
2628.0,-18.3078543401799
2629.0,-41.074909397228645
2630.0,-16.30325253767282
2631.0,39.58316946664749
2632.0,5.680987333565501
2633.0,-17.034448234606685
2634.0,45.14332094105018
2635.0,9.57346253822476
2636.0,19.355865237387004
2637.0,46.82548975549207
2638.0,-82.69214598204958
2639.0,80.17197426135311
2640.0,-151.84065062923983
2641.0,6.5654344024677584
2642.0,-56.59468704690953
2643.0,-61.565577258228586
2644.0,25.945444038997806
2645.0,7.74758729925793
2646.0,103.55714218482757
2647.0,-10.236485334949755
2648.0,68.78404354763441
2649.0,35.42389909816555
2650.0,148.94148461936948
2651.0,70.77815621001656
2652.0,-27.21768754908682
2653.0,-28.335677646608417
2654.0,65.22655450713972
2655.0,11.468913858088328
2656.0,18.660319269350182
2657.0,100.11455767448761
2658.0,-21.831027366703523
2659.0,214.4654210958903
2660.0,12.313894415807397
2661.0,21.031042533516455
2662.0,35.371604012528046
2663.0,24.21624356936279
2664.0,-22.30034297480617
2665.0,-5.89624567412524
2666.0,-19.690013022559242
2667.0,-38.18643868644401
2668.0,3.417734449628398
2669.0,15.69480110494402
2670.0,63.80846984830474
2671.0,40.14428568240342
2672.0,-47.670492705655505
2673.0,27.235365839596966
2674.0,-4.169867099317642
2675.0,132.8787263833683
2676.0,16.52204078537511
2677.0,53.983036228358785
2678.0,43.83240317402165
2679.0,-16.260252202460563
2680.0,-12.040676315731943
2681.0,30.964347646254375
2682.0,48.702755806522546
2683.0,-15.401678326238255
2684.0,48.64692136065899
2685.0,-15.4032670454317
2686.0,145.1795135135283
2687.0,-16.17514137852065
2688.0,-77.0864306789805
2689.0,-11.63518373314558
2690.0,-12.632842256825057
2691.0,59.5647779287026
2692.0,92.5197480493257
2693.0,-62.97651596542268
2694.0,-24.357022700507585
2695.0,-16.552877437898644
2696.0,123.17507722127411
2697.0,23.57493693427837
2698.0,-4.30131138544381
2699.0,64.13646338745073
2700.0,56.20140846355031
2701.0,105.31534806317313
2702.0,5.888891526587415
2703.0,-4.849007330331657
2704.0,36.97978936049461
2705.0,2.438852004465531
2706.0,-21.46464288401117
2707.0,19.633963965261003
2708.0,-48.97457076708534
2709.0,16.74457030243996
2710.0,20.27169693148494
2711.0,-7.670043641470425
2712.0,30.395568472643383
2713.0,154.76949114913904
2714.0,-68.22552615996608
2715.0,56.87867910940785
2716.0,-13.656296986719319
2717.0,14.93767233055091
2718.0,60.85234189724798
2719.0,20.83046527737637
2720.0,42.731871011359814
2721.0,42.80892345980073
2722.0,44.426816147595545
2723.0,-46.49570482802573
2724.0,-1.8578194098450638
2725.0,22.065866393764054
2726.0,44.32821932857729
2727.0,-30.715397780746628
2728.0,-56.38004217692335
2729.0,0.14409784195507314
2730.0,166.91965659348787
2731.0,-12.570632784287028
2732.0,23.785940707396364
2733.0,-6.873951992726461
2734.0,43.172687958827964
2735.0,25.77019399407321
2736.0,97.93599043267473
2737.0,-53.19952500588548
2738.0,-21.82872635508471
2739.0,35.324225873888224
2740.0,-9.005398302834237
2741.0,16.58698702175588
2742.0,-14.489223602286671
2743.0,-54.34933724911764
2744.0,-42.695598500042394
2745.0,27.649622205903185
2746.0,6.459030908123367
2747.0,-64.4746339181621
2748.0,6.444734145136316
2749.0,-17.031298212050828
2750.0,-39.65587479510083
2751.0,32.14641980387195
2752.0,23.782409006493864
2753.0,10.587895459498611
2754.0,-12.804590571392652
2755.0,6.358965346314903
2756.0,-13.919346964376416
2757.0,50.91218169689343
2758.0,33.08236104303188
2759.0,-5.488388802266229
2760.0,-4.2167106870243245
2761.0,0.2920996081443903
2762.0,-29.213015047546183
2763.0,14.097952504669028
2764.0,-51.248433158538646
2765.0,-50.82163745797037
2766.0,65.8642762545454
2767.0,-64.75891069504308
2768.0,54.75409769360647
2769.0,81.49057018397946
2770.0,-36.23258417510779
2771.0,-23.79986324035184
2772.0,-7.146877709069937
2773.0,-36.096861951463865
2774.0,20.328783194258776
2775.0,46.67355693675267
2776.0,-9.25788000123108
2777.0,41.824686572702916
2778.0,-48.28369840874804
2779.0,-65.21721122465928
2780.0,-15.322787608282766
2781.0,-31.5507022278216
2782.0,29.467659101435032
2783.0,41.81524036761405
2784.0,-84.85962781207331
2785.0,-41.3345071057316
2786.0,3.5171431782106737
2787.0,54.687459280996706
2788.0,-12.581805255254949
2789.0,47.95733595510553
2790.0,30.13869390941648
2791.0,27.04215564816309
2792.0,-67.86967398041597
2793.0,-15.354153223064813
2794.0,-64.12554192438509
2795.0,-43.42035316660919
2796.0,-43.10575810163538
2797.0,35.98557529737839
2798.0,62.41472058053422
2799.0,14.072521870135223
2800.0,-23.100262228865077
2801.0,-115.20833990165275
2802.0,34.519518400718326
2803.0,2.467686231446244
2804.0,5.818197900347457
2805.0,-78.59132176382398
2806.0,6.747150791723776
2807.0,3.126669861762764
2808.0,-13.48044816896493
2809.0,-16.878857918643796
2810.0,25.191840469456565
2811.0,-104.22809087271077
2812.0,-26.50956337528872
2813.0,27.506673252703237
2814.0,-48.18213392506589
2815.0,-33.02214583908848
2816.0,-27.796832396889684
2817.0,15.47619848418347
2818.0,-13.800659497037245
2819.0,-22.962528121101187
2820.0,-33.14399840634337
2821.0,-4.877299879141432
2822.0,8.544045449343088
2823.0,-10.324285358185989
2824.0,132.59502521763497
2825.0,-88.33171375679636
2826.0,-4.635016170712717
2827.0,89.32474390326445
2828.0,15.845346678604074
2829.0,-43.544534324125436
2830.0,-100.92958997891576
2831.0,53.31514916716428
2832.0,-17.491649227849564
2833.0,173.89361258248
2834.0,122.26932247414483
2835.0,37.62553901697585
2836.0,-22.997218677843613
2837.0,65.7801154870069
2838.0,-37.29760421426973
2839.0,-19.9595774529323
2840.0,-0.22892020316331418
2841.0,60.206438157324364
2842.0,-64.3476168337253
2843.0,22.389726489097068
2844.0,18.793231849472598
2845.0,22.2027531094042
2846.0,84.864684553691
2847.0,71.5688055442119
2848.0,37.404272689718226
2849.0,32.17060217350448
2850.0,-1.577224549764935
2851.0,19.06693220661228
2852.0,-57.085153213758986
2853.0,10.720635003619094
2854.0,13.797382404931565
2855.0,57.400872499936156
2856.0,-23.919601156869128
2857.0,109.50632639812179
2858.0,55.22305537974818
2859.0,5.1468537991543
2860.0,-10.774401254774645
2861.0,12.705686495986214
2862.0,-74.79307029371071
2863.0,165.69830401873998
2864.0,57.560568412761285
2865.0,-76.46757749796416
2866.0,-22.092048503286094
2867.0,55.88272193369492
2868.0,12.26705845989457
2869.0,47.081664617294635
2870.0,9.864156595365358
2871.0,20.779749776200447
2872.0,16.57479381718406
2873.0,-75.89476367841606
2874.0,-70.48167820306347
2875.0,11.980568982313457
2876.0,162.2905909934334
2877.0,11.410170956434115
2878.0,-33.9593588099503
2879.0,-56.56653265290891
2880.0,79.74676706539415
2881.0,-34.468402430306625
2882.0,-52.10928650052736
2883.0,52.39899983699244
2884.0,90.55031134900204
2885.0,-112.03990587627891
2886.0,148.85685767113938
2887.0,1.4895712698229318
2888.0,4.4524906302484055
2889.0,8.401198793051288
2890.0,-46.3344213722543
2891.0,56.25620833744544
2892.0,14.579198227963758
2893.0,16.831243059902675
2894.0,-12.407019376680111
2895.0,-50.291035040084566
2896.0,-143.56726815313084
2897.0,36.219677961076954
2898.0,-1.2598503971282184
2899.0,-10.968996877449527
